-- phpMyAdmin SQL Dump
-- version 5.2.1
-- https://www.phpmyadmin.net/
--
-- Host: 127.0.0.1
-- Waktu pembuatan: 24 Jun 2024 pada 04.17
-- Versi server: 10.4.28-MariaDB
-- Versi PHP: 8.2.4

SET SQL_MODE = "NO_AUTO_VALUE_ON_ZERO";
START TRANSACTION;
SET time_zone = "+00:00";


/*!40101 SET @OLD_CHARACTER_SET_CLIENT=@@CHARACTER_SET_CLIENT */;
/*!40101 SET @OLD_CHARACTER_SET_RESULTS=@@CHARACTER_SET_RESULTS */;
/*!40101 SET @OLD_COLLATION_CONNECTION=@@COLLATION_CONNECTION */;
/*!40101 SET NAMES utf8mb4 */;

--
-- Database: `ulbimedicinedb`
--

-- --------------------------------------------------------

--
-- Struktur dari tabel `cache`
--

CREATE TABLE `cache` (
  `key` varchar(255) NOT NULL,
  `value` mediumtext NOT NULL,
  `expiration` int(11) NOT NULL
) ENGINE=InnoDB DEFAULT CHARSET=utf8mb4 COLLATE=utf8mb4_unicode_ci;

-- --------------------------------------------------------

--
-- Struktur dari tabel `cache_locks`
--

CREATE TABLE `cache_locks` (
  `key` varchar(255) NOT NULL,
  `owner` varchar(255) NOT NULL,
  `expiration` int(11) NOT NULL
) ENGINE=InnoDB DEFAULT CHARSET=utf8mb4 COLLATE=utf8mb4_unicode_ci;

-- --------------------------------------------------------

--
-- Struktur dari tabel `doctors`
--

CREATE TABLE `doctors` (
  `doctor_id` int(11) NOT NULL,
  `user_id` int(11) NOT NULL,
  `spesialisasi` varchar(100) NOT NULL,
  `kualifikasi` varchar(100) NOT NULL,
  `pengalaman` varchar(255) NOT NULL
) ENGINE=InnoDB DEFAULT CHARSET=utf8mb4 COLLATE=utf8mb4_general_ci;

--
-- Dumping data untuk tabel `doctors`
--

INSERT INTO `doctors` (`doctor_id`, `user_id`, `spesialisasi`, `kualifikasi`, `pengalaman`) VALUES
(1, 12, 'Jantung', 'S3', '5 Tahun'),
(2, 14, 'Paru-paru', 'S2', '5 Tahun Dipenjara'),
(3, 8, 'Lambung', 'S2', '4 Tahun');

-- --------------------------------------------------------

--
-- Struktur dari tabel `failed_jobs`
--

CREATE TABLE `failed_jobs` (
  `id` bigint(20) UNSIGNED NOT NULL,
  `uuid` varchar(255) NOT NULL,
  `connection` text NOT NULL,
  `queue` text NOT NULL,
  `payload` longtext NOT NULL,
  `exception` longtext NOT NULL,
  `failed_at` timestamp NOT NULL DEFAULT current_timestamp()
) ENGINE=InnoDB DEFAULT CHARSET=utf8mb4 COLLATE=utf8mb4_unicode_ci;

-- --------------------------------------------------------

--
-- Struktur dari tabel `jadwal_dokter`
--

CREATE TABLE `jadwal_dokter` (
  `jadwal_id` int(11) NOT NULL,
  `doctor_id` int(11) NOT NULL,
  `hari` enum('senin','selasa','rabu','kamis','jumat','sabtu','minggu') NOT NULL,
  `jam_mulai` time NOT NULL,
  `jam_selesai` time NOT NULL
) ENGINE=InnoDB DEFAULT CHARSET=utf8mb4 COLLATE=utf8mb4_general_ci;

--
-- Dumping data untuk tabel `jadwal_dokter`
--

INSERT INTO `jadwal_dokter` (`jadwal_id`, `doctor_id`, `hari`, `jam_mulai`, `jam_selesai`) VALUES
(2, 1, 'rabu', '12:15:00', '14:15:00');

-- --------------------------------------------------------

--
-- Struktur dari tabel `jobs`
--

CREATE TABLE `jobs` (
  `id` bigint(20) UNSIGNED NOT NULL,
  `queue` varchar(255) NOT NULL,
  `payload` longtext NOT NULL,
  `attempts` tinyint(3) UNSIGNED NOT NULL,
  `reserved_at` int(10) UNSIGNED DEFAULT NULL,
  `available_at` int(10) UNSIGNED NOT NULL,
  `created_at` int(10) UNSIGNED NOT NULL
) ENGINE=InnoDB DEFAULT CHARSET=utf8mb4 COLLATE=utf8mb4_unicode_ci;

-- --------------------------------------------------------

--
-- Struktur dari tabel `job_batches`
--

CREATE TABLE `job_batches` (
  `id` varchar(255) NOT NULL,
  `name` varchar(255) NOT NULL,
  `total_jobs` int(11) NOT NULL,
  `pending_jobs` int(11) NOT NULL,
  `failed_jobs` int(11) NOT NULL,
  `failed_job_ids` longtext NOT NULL,
  `options` mediumtext DEFAULT NULL,
  `cancelled_at` int(11) DEFAULT NULL,
  `created_at` int(11) NOT NULL,
  `finished_at` int(11) DEFAULT NULL
) ENGINE=InnoDB DEFAULT CHARSET=utf8mb4 COLLATE=utf8mb4_unicode_ci;

-- --------------------------------------------------------

--
-- Struktur dari tabel `konsultasi`
--

CREATE TABLE `konsultasi` (
  `konsultasi_id` int(11) NOT NULL,
  `pasien_id` int(11) NOT NULL,
  `doctor_id` int(11) NOT NULL,
  `tanggal_konsultasi` datetime NOT NULL,
  `status` enum('terjawab','belum dijawab','reviewed') NOT NULL,
  `keluhan_pasien` text NOT NULL,
  `balasan_dokter` text DEFAULT NULL
) ENGINE=InnoDB DEFAULT CHARSET=utf8mb4 COLLATE=utf8mb4_general_ci;

--
-- Dumping data untuk tabel `konsultasi`
--

INSERT INTO `konsultasi` (`konsultasi_id`, `pasien_id`, `doctor_id`, `tanggal_konsultasi`, `status`, `keluhan_pasien`, `balasan_dokter`) VALUES
(1, 1, 1, '2024-06-22 17:46:00', 'reviewed', 'Testing ajukan keluhan', 'mati aja'),
(2, 1, 1, '2024-06-23 14:46:00', 'terjawab', 'Test nambah lagi', 'minum obat antibiotik'),
(3, 13, 3, '2024-06-23 19:04:00', 'belum dijawab', 'lambung saya geter', NULL),
(4, 13, 3, '2024-06-23 19:06:00', 'belum dijawab', 'lambung saya geter', NULL),
(5, 13, 3, '2024-06-23 19:10:00', 'belum dijawab', 'lambungnya geter', NULL);

-- --------------------------------------------------------

--
-- Struktur dari tabel `migrations`
--

CREATE TABLE `migrations` (
  `id` int(10) UNSIGNED NOT NULL,
  `migration` varchar(255) NOT NULL,
  `batch` int(11) NOT NULL
) ENGINE=InnoDB DEFAULT CHARSET=utf8mb4 COLLATE=utf8mb4_unicode_ci;

--
-- Dumping data untuk tabel `migrations`
--

INSERT INTO `migrations` (`id`, `migration`, `batch`) VALUES
(1, '0001_01_01_000000_create_users_table', 1),
(2, '0001_01_01_000001_create_cache_table', 1),
(3, '0001_01_01_000002_create_jobs_table', 1),
(4, '2024_06_10_143526_add_username_to_users_table', 2),
(5, '2024_06_10_144039_add_multiple_fields_to_users_table', 3),
(6, '2024_06_10_144645_remove_id_role_from_users_table', 4),
(7, '2024_06_10_145400_remove_email_verified_at_from_users_table', 5),
(8, '2024_06_16_005634_add_gender_to_users_table', 6);

-- --------------------------------------------------------

--
-- Struktur dari tabel `pasien`
--

CREATE TABLE `pasien` (
  `pasien_id` int(11) NOT NULL,
  `user_id` int(11) NOT NULL,
  `riwayat_medis` text NOT NULL,
  `asuransi` varchar(100) NOT NULL
) ENGINE=InnoDB DEFAULT CHARSET=utf8mb4 COLLATE=utf8mb4_general_ci;

--
-- Dumping data untuk tabel `pasien`
--

INSERT INTO `pasien` (`pasien_id`, `user_id`, `riwayat_medis`, `asuransi`) VALUES
(1, 1, 'testing', 'test update lagi'),
(2, 13, 'test', 'test');

-- --------------------------------------------------------

--
-- Struktur dari tabel `password_reset_tokens`
--

CREATE TABLE `password_reset_tokens` (
  `email` varchar(255) NOT NULL,
  `token` varchar(255) NOT NULL,
  `created_at` timestamp NULL DEFAULT NULL
) ENGINE=InnoDB DEFAULT CHARSET=utf8mb4 COLLATE=utf8mb4_unicode_ci;

-- --------------------------------------------------------

--
-- Struktur dari tabel `review`
--

CREATE TABLE `review` (
  `id_review` int(11) NOT NULL,
  `konsultasi_id` int(11) NOT NULL,
  `rating` varchar(20) NOT NULL,
  `pesan` text NOT NULL
) ENGINE=InnoDB DEFAULT CHARSET=utf8mb4 COLLATE=utf8mb4_general_ci;

--
-- Dumping data untuk tabel `review`
--

INSERT INTO `review` (`id_review`, `konsultasi_id`, `rating`, `pesan`) VALUES
(1, 1, '5', 'Testing review bos');

-- --------------------------------------------------------

--
-- Struktur dari tabel `sessions`
--

CREATE TABLE `sessions` (
  `id` varchar(255) NOT NULL,
  `user_id` bigint(20) UNSIGNED DEFAULT NULL,
  `ip_address` varchar(45) DEFAULT NULL,
  `user_agent` text DEFAULT NULL,
  `payload` longtext NOT NULL,
  `last_activity` int(11) NOT NULL
) ENGINE=InnoDB DEFAULT CHARSET=utf8mb4 COLLATE=utf8mb4_unicode_ci;

--
-- Dumping data untuk tabel `sessions`
--

INSERT INTO `sessions` (`id`, `user_id`, `ip_address`, `user_agent`, `payload`, `last_activity`) VALUES
('1j1EdsZugfMaZrJqTZvoRDpgAKJ4CGUL931EkzNh', 13, '127.0.0.1', 'Mozilla/5.0 (Windows NT 10.0; Win64; x64) AppleWebKit/537.36 (KHTML, like Gecko) Chrome/124.0.0.0 Safari/537.36 OPR/110.0.0.0', 'YTo0OntzOjY6Il90b2tlbiI7czo0MDoiQXEwbUE2T3VZeE9IaVdJd3JZYnl0S2FzTXFiQ2RXSEU4T3FVSXdBcSI7czo2OiJfZmxhc2giO2E6Mjp7czozOiJvbGQiO2E6MDp7fXM6MzoibmV3IjthOjA6e319czo5OiJfcHJldmlvdXMiO2E6MTp7czozOiJ1cmwiO3M6Mzg6Imh0dHA6Ly8xMjcuMC4wLjE6ODAwMC9wYXNpZW4vZGFzaGJvYXJkIjt9czo1MDoibG9naW5fd2ViXzU5YmEzNmFkZGMyYjJmOTQwMTU4MGYwMTRjN2Y1OGVhNGUzMDk4OWQiO2k6MTM7fQ==', 1719144674);

-- --------------------------------------------------------

--
-- Struktur dari tabel `users`
--

CREATE TABLE `users` (
  `id` bigint(20) UNSIGNED NOT NULL,
  `name` varchar(255) NOT NULL,
  `email` varchar(255) NOT NULL,
  `password` varchar(255) NOT NULL,
  `created_at` timestamp NULL DEFAULT NULL,
  `updated_at` timestamp NULL DEFAULT NULL,
  `username` varchar(255) DEFAULT NULL,
  `jenis_kelamin` enum('Laki-Laki','Perempuan') DEFAULT NULL,
  `tanggal_lahir` date DEFAULT NULL,
  `alamat` text DEFAULT NULL,
  `no_telepon` varchar(255) DEFAULT NULL,
  `tipe_pengguna` enum('Dokter','Pasien','Admin') DEFAULT NULL
) ENGINE=InnoDB DEFAULT CHARSET=utf8mb4 COLLATE=utf8mb4_unicode_ci;

--
-- Dumping data untuk tabel `users`
--

INSERT INTO `users` (`id`, `name`, `email`, `password`, `created_at`, `updated_at`, `username`, `jenis_kelamin`, `tanggal_lahir`, `alamat`, `no_telepon`, `tipe_pengguna`) VALUES
(1, 'Nesya Salma Ramadhani', 'nesyasr@gmail.com', '$2y$12$f3udVd7AwUrQgZFrjPQmbu.zNZFTEuG3V.5evGhU5bDdKPtx3dd9y', '2024-05-29 09:50:10', '2024-05-29 09:50:10', 'nesyasalma', 'Perempuan', '2005-10-05', 'Sarijadi', '6287758748345', 'Pasien'),
(2, 'Valen Rionald', 'valenrio@ulbi.ac.id', '$2y$12$3.QVljfUiLV0dJsZsVBV2OJbwmN6UtAODId2Yzi6J1vL6.DVcqpFC', '2024-05-29 10:05:50', '2024-05-29 10:05:50', 'valenrionald', 'Laki-Laki', '2002-08-06', 'Sarijadi', '6289522910966', 'Admin'),
(8, 'Rahma', 'rahma@email.com', '$2y$12$RvdhnoUxFbMvPtTj5G5oLOQHOvzp8XW2xoa.KZfsFLn/zMFFf14qe', '2024-05-29 21:10:04', '2024-05-29 21:10:04', 'rahma', 'Perempuan', NULL, 'Bandung', '6287758748345', 'Dokter'),
(12, 'Richard Parker', 'richard@email.com', '$2y$12$qQTXkiX7G5pwbGxej1vYeeQBnvO7gSHM96oyqOa7XfVYPFNAsprjC', '2024-06-10 08:22:11', '2024-06-10 08:22:11', 'richard', 'Laki-Laki', '2024-06-10', 'Sarimanah', NULL, 'Dokter'),
(13, 'Sofia the first', 'sofia@gmail.com', '$2y$12$CD7hBdJkqDmomAaGHBRUF.IJeFWajFmhEyYQQ.ul1Ay0GfWj7kCga', '2024-06-13 06:31:45', '2024-06-13 07:47:40', 'Sofiani', 'Perempuan', '2024-06-13', 'test', '09090', 'Pasien'),
(14, 'Jasmin Firzani Audya', 'mamahdawuh@gmail.com', '$2y$12$xGNRnkFBtaggikRVCuAbpeQMmpe881J0z06dSochRXWILjH8ckjyy', '2024-06-16 19:59:05', '2024-06-16 20:00:48', 'audy', 'Perempuan', '2024-06-17', 'bekasi', '087752400171', 'Dokter');

--
-- Indexes for dumped tables
--

--
-- Indeks untuk tabel `cache`
--
ALTER TABLE `cache`
  ADD PRIMARY KEY (`key`);

--
-- Indeks untuk tabel `cache_locks`
--
ALTER TABLE `cache_locks`
  ADD PRIMARY KEY (`key`);

--
-- Indeks untuk tabel `doctors`
--
ALTER TABLE `doctors`
  ADD PRIMARY KEY (`doctor_id`),
  ADD KEY `user_id` (`user_id`);

--
-- Indeks untuk tabel `failed_jobs`
--
ALTER TABLE `failed_jobs`
  ADD PRIMARY KEY (`id`),
  ADD UNIQUE KEY `failed_jobs_uuid_unique` (`uuid`);

--
-- Indeks untuk tabel `jadwal_dokter`
--
ALTER TABLE `jadwal_dokter`
  ADD PRIMARY KEY (`jadwal_id`),
  ADD KEY `doctor_id` (`doctor_id`);

--
-- Indeks untuk tabel `jobs`
--
ALTER TABLE `jobs`
  ADD PRIMARY KEY (`id`),
  ADD KEY `jobs_queue_index` (`queue`);

--
-- Indeks untuk tabel `job_batches`
--
ALTER TABLE `job_batches`
  ADD PRIMARY KEY (`id`);

--
-- Indeks untuk tabel `konsultasi`
--
ALTER TABLE `konsultasi`
  ADD PRIMARY KEY (`konsultasi_id`),
  ADD KEY `pasien_id` (`pasien_id`),
  ADD KEY `doctor_id` (`doctor_id`);

--
-- Indeks untuk tabel `migrations`
--
ALTER TABLE `migrations`
  ADD PRIMARY KEY (`id`);

--
-- Indeks untuk tabel `pasien`
--
ALTER TABLE `pasien`
  ADD PRIMARY KEY (`pasien_id`),
  ADD KEY `user_id` (`user_id`);

--
-- Indeks untuk tabel `password_reset_tokens`
--
ALTER TABLE `password_reset_tokens`
  ADD PRIMARY KEY (`email`);

--
-- Indeks untuk tabel `review`
--
ALTER TABLE `review`
  ADD PRIMARY KEY (`id_review`),
  ADD KEY `konsultasi_id` (`konsultasi_id`);

--
-- Indeks untuk tabel `sessions`
--
ALTER TABLE `sessions`
  ADD PRIMARY KEY (`id`),
  ADD KEY `sessions_user_id_index` (`user_id`),
  ADD KEY `sessions_last_activity_index` (`last_activity`);

--
-- Indeks untuk tabel `users`
--
ALTER TABLE `users`
  ADD PRIMARY KEY (`id`),
  ADD UNIQUE KEY `users_email_unique` (`email`);

--
-- AUTO_INCREMENT untuk tabel yang dibuang
--

--
-- AUTO_INCREMENT untuk tabel `doctors`
--
ALTER TABLE `doctors`
  MODIFY `doctor_id` int(11) NOT NULL AUTO_INCREMENT, AUTO_INCREMENT=4;

--
-- AUTO_INCREMENT untuk tabel `failed_jobs`
--
ALTER TABLE `failed_jobs`
  MODIFY `id` bigint(20) UNSIGNED NOT NULL AUTO_INCREMENT;

--
-- AUTO_INCREMENT untuk tabel `jadwal_dokter`
--
ALTER TABLE `jadwal_dokter`
  MODIFY `jadwal_id` int(11) NOT NULL AUTO_INCREMENT, AUTO_INCREMENT=3;

--
-- AUTO_INCREMENT untuk tabel `jobs`
--
ALTER TABLE `jobs`
  MODIFY `id` bigint(20) UNSIGNED NOT NULL AUTO_INCREMENT;

--
-- AUTO_INCREMENT untuk tabel `konsultasi`
--
ALTER TABLE `konsultasi`
  MODIFY `konsultasi_id` int(11) NOT NULL AUTO_INCREMENT, AUTO_INCREMENT=6;

--
-- AUTO_INCREMENT untuk tabel `migrations`
--
ALTER TABLE `migrations`
  MODIFY `id` int(10) UNSIGNED NOT NULL AUTO_INCREMENT, AUTO_INCREMENT=9;

--
-- AUTO_INCREMENT untuk tabel `pasien`
--
ALTER TABLE `pasien`
  MODIFY `pasien_id` int(11) NOT NULL AUTO_INCREMENT, AUTO_INCREMENT=5;

--
-- AUTO_INCREMENT untuk tabel `review`
--
ALTER TABLE `review`
  MODIFY `id_review` int(11) NOT NULL AUTO_INCREMENT, AUTO_INCREMENT=2;

--
-- AUTO_INCREMENT untuk tabel `users`
--
ALTER TABLE `users`
  MODIFY `id` bigint(20) UNSIGNED NOT NULL AUTO_INCREMENT, AUTO_INCREMENT=16;
COMMIT;

/*!40101 SET CHARACTER_SET_CLIENT=@OLD_CHARACTER_SET_CLIENT */;
/*!40101 SET CHARACTER_SET_RESULTS=@OLD_CHARACTER_SET_RESULTS */;
/*!40101 SET COLLATION_CONNECTION=@OLD_COLLATION_CONNECTION */;
